{"cameraMode":{"drawMode":0,"name":"Shaded","section":"Shading Mode"},"sceneLighting":true,"audioPlay":false,"sceneViewState":{"m_AlwaysRefresh":false,"showFog":false,"showSkybox":false,"showFlares":false,"showImageEffects":false,"showParticleSystems":false,"showVisualEffectGraphs":true,"m_FxEnabled":true},"in2DMode":false,"pivot":{"x":0.5279732942581177,"y":3.537304401397705,"z":-1.3027219772338868},"rotation":{"x":0.16250842809677125,"y":-0.0562095008790493,"z":0.009274782612919808,"w":0.9850635528564453},"size":4.8027729988098148,"orthographic":false}