{"cameraMode":{"drawMode":0,"name":"Shaded","section":"Shading Mode"},"sceneLighting":true,"audioPlay":false,"sceneViewState":{"showFog":false,"showMaterialUpdate":false,"showSkybox":false,"showFlares":false,"showImageEffects":false,"showParticleSystems":false},"in2DMode":false,"pivot":{"x":2.5237154960632326,"y":2.6706459522247316,"z":-8.547578811645508},"rotation":{"x":0.1969011425971985,"y":-0.4967174828052521,"z":0.11682715266942978,"w":0.8371701240539551},"size":5.499497890472412,"orthographic":false}