{"cameraMode":{"drawMode":2,"name":"Shaded Wireframe","section":"Shading Mode"},"sceneLighting":true,"audioPlay":false,"sceneViewState":{"m_AlwaysRefresh":false,"showFog":true,"showSkybox":true,"showFlares":true,"showImageEffects":true,"showParticleSystems":true,"showVisualEffectGraphs":true,"m_FxEnabled":true},"in2DMode":false,"pivot":{"x":0.04870563745498657,"y":0.874218225479126,"z":-0.40121155977249148},"rotation":{"x":0.07671783119440079,"y":0.03113180585205555,"z":-0.00196417816914618,"w":0.9966534972190857},"size":0.7869139313697815,"orthographic":true}